category,total_revenue,average_order_value,number_of_orders
Sports,232363.64,675.4756976744186,344
Clothing,195286.48,616.0456782334385,317
Home,127725.375,469.57858455882354,272
Electronics,22380.885,334.0430597014925,67
